Actual Market Value,Predicted Market Value
12.691583538230217,12.583762650470167
13.710151153416938,13.710151153416938
12.429220196836383,12.4926851512138
16.341239282272525,16.404938896618276
13.710151153416938,13.710151153416938
14.07787559166224,14.151983508870957
12.691583538230217,12.611541086966131
13.171155446333854,13.27979655398853
13.122365377402328,13.204869007550027
13.997832948091213,13.997832948091213
13.071072188277716,12.954324575521666
13.304686600863564,13.275961664677823
12.959846800844964,13.008352443641101
14.77102238760702,14.744864406286242
12.301387370778713,12.316188083942444
16.341239282272525,16.32956603722721
13.710151153416938,13.863090205195467
14.557448378884017,14.520841409952128
14.457364970452321,14.508658238524097
14.07787559166224,13.997832948091213
14.914123179965665,15.02296366421271
13.171155446333854,12.481287548866014
13.384729180332172,13.438004293325855
12.899222326086992,12.954324575521666
13.45883704259595,13.311552610830788
13.790193775620486,13.946781744225833
14.690979711984758,14.64819643138364
13.527829818844937,13.474657240973297
12.611541086966119,12.546230497061215
13.815511557963774,13.821053337605342
13.910821646859095,13.976032636602119
14.557448378884017,14.638100047267331
12.524530013005736,12.611541086966131
12.959846800844964,13.286037385172948
13.997832948091213,14.085270043370413
13.493928313146203,13.493928313146203
14.346139397261565,14.360409077117431
13.493928313146203,13.422479155328354
16.6777114960366,16.668908628116842
12.899222326086992,13.809707503954861
12.959846800844964,12.851673470275893
14.220976332738884,14.174036029609905
12.301387370778713,12.32041988325717
14.346139397261565,14.338548194257598
13.45883704259595,13.310628218317248
14.07787559166224,13.978453327744226
12.388398368982118,12.27901333407213
15.274125813221904,15.268239997965178
14.731801689838345,14.780449010979982
13.910821646859095,13.910821646859107
13.071072188277716,12.81060124594101
14.648420115681892,14.648420115681892
13.997832948091213,14.142923874454008
13.910821646859095,13.815511557963774
14.220976332738884,14.246758960620733
12.154784614286665,12.10634424821014
12.524530013005736,12.638169775536632
14.346139397261565,14.302811642379202
12.524530013005736,12.355813923712196
13.997832948091213,14.012808508930648
12.765691290604368,12.75507996100165
14.557448378884017,14.487998120630172
16.257857680289998,16.24514547731741
17.24949779470748,17.090469451889792
12.765691290604368,12.86611760415114
12.834683971615663,12.889984161021562
14.220976332738884,14.092668121445962
14.457364970452321,14.430307693290603
12.25486757159303,11.647554917748607
13.56061959865723,13.643703226291139
13.493928313146203,13.531924499731486
12.34583893572197,12.364737511412422
13.26212705890841,13.252012076994507
12.691583538230217,12.691583538230217
13.071072188277716,13.096695453001105
15.384126684211434,15.42494867039835
12.899222326086992,12.943767039401719
12.765691290604368,12.651503648911703
13.217675375388822,13.219247993614545
14.346139397261565,14.315100675211024
17.092655328692295,17.037295765663462
12.899222326086992,12.833489773208383
15.226497775576945,15.043049048947655
13.345508528717264,13.44257590351531
14.346139397261565,14.450397082995114
14.346139397261565,14.306591883416353
14.557448378884017,14.638100047267331
14.946912992035964,14.970718587332055
14.457364970452321,14.446536370800505
12.154784614286665,12.292473815285199
14.07787559166224,14.252616740704113
13.623139877437294,13.61682770715134
13.171155446333854,13.076101674434009
13.017005083966257,13.1038581071145
13.815511557963774,13.884726108643745
14.151983508870952,14.220976332738884
12.301387370778713,12.26986052858475
11.849404844423075,11.849404844423075
15.830413711839864,15.83041371183987
13.623139877437294,13.703092082968814
14.508658238524097,14.457364970452316
14.845130332288226,14.917636947723754
14.648420115681892,14.626178437818501
13.737550097575062,13.84594221175614
13.910821646859095,13.747603698336535
14.946912992035964,14.942810573644543
13.217675375388822,13.250495296284456
13.737550097575062,13.856283912254701
14.151983508870952,14.142923874454008
12.154784614286665,12.26986052858475
13.217675375388822,13.178898184076697
12.834683971615663,12.898173362908025
13.527829818844937,13.446704334217456
17.71748324774094,17.672604887980217
14.457364970452321,14.393756618720039
13.652992804936394,13.748211599738278
14.97866168026991,14.965954627004422
12.611541086966119,12.611541086966112
12.25486757159303,12.25486757159303
13.76421831620775,13.64432518832063
13.171155446333854,13.17051205360975
12.765691290604368,12.737853993530743
14.07787559166224,14.159633908894317
11.98293534419643,12.132463993677217
14.220976332738884,14.163042945397464
14.285514812209815,14.220976332738877
13.56061959865723,13.534144098711849
12.834683971615663,12.824806744040064
11.51293546492023,11.378025245529981
11.918397239722838,11.925552268081626
13.652992804936394,13.643703226291139
15.384126684211434,15.50286977384745
12.691583538230217,12.819574651770113
13.527829818844937,12.916405000509242
11.51293546492023,11.576394588665925
13.304686600863564,13.31488117953098
13.171155446333854,13.071072188277716
14.648420115681892,14.648420115681892
11.918397239722838,11.918397239722838
13.493928313146203,13.53229766040045
12.043559598368038,12.106631609921246
12.959846800844964,13.08436766367031
12.611541086966119,12.671528906143937
15.955576839107596,15.910088026380823
14.285514812209815,14.212335078890927
12.959846800844964,12.943767039401719
12.25486757159303,12.289742136974741
13.997832948091213,14.042454103182152
13.623139877437294,13.72538945256091
13.815511557963774,13.709945056153755
15.150511887854474,15.09644468120407
14.285514812209815,14.25321143859139
13.527829818844937,13.570707819618963
17.073607134447293,17.175837472084048
18.474221520359073,18.462222182689953
13.623139877437294,13.594423842566364
14.648420115681892,14.69005551357881
13.710151153416938,13.6490685990851
14.648420115681892,14.65348201576977
12.611541086966119,12.546230497061215
11.695255355062798,11.557775339653887
14.151983508870952,14.140558627531302
12.25486757159303,12.32041988325717
12.25486757159303,12.169858718347545
14.151983508870952,14.167288171687234
13.122365377402328,13.043641921708216
12.691583538230217,12.56386594812438
14.151983508870952,14.133422451695825
14.285514812209815,14.220976332738877
13.017005083966257,13.017005083966257
13.790193775620486,13.695840697405155
11.51293546492023,11.509985851009024
13.017005083966257,13.096695453001105
12.765691290604368,12.4926851512138
11.608244735642321,11.662556227096815
15.363073279446226,15.46872110240594
11.289794413577896,11.153074878996193
12.834683971615663,12.834683971615663
15.009433329466962,14.99788702261749
13.122365377402328,13.122365377402328
12.25486757159303,12.154358184964716
14.77102238760702,14.804040227551807
14.603968372873894,14.54719515242112
13.76421831620775,13.80103895172185
14.346139397261565,14.355651043471221
13.815511557963774,13.878983684391898
14.603968372873894,14.60008639942006
12.154784614286665,12.194064050057424
14.457364970452321,14.457364970452316
13.071072188277716,12.950908674716716
13.422469451335049,13.341965592211933
14.808762701344863,14.786960631346133
14.07787559166224,14.151983508870938
14.285514812209815,14.28551481220983
13.76421831620775,13.74865074904731
14.220976332738884,14.142923874454008
13.304686600863564,13.578594072425858
13.910821646859095,13.782969611112199
14.285514812209815,14.285514812209822
15.40474596716247,15.406692555172508
13.68198030819624,13.755598433493185
13.623139877437294,13.62303081717213
13.071072188277716,13.234612964473172
14.07787559166224,14.07787559166226
12.10071768541247,12.127723315342122
13.493928313146203,13.47857286664683
15.009433329466962,15.100224931041339
17.686711589705503,17.283900929739833
13.815511557963774,13.755598433493185
14.220976332738884,14.218095369527198
14.285514812209815,14.28551481220983
13.910821646859095,13.910821646859088
18.675322970077882,18.462222182689953
12.154784614286665,12.096514888794278
14.07787559166224,14.107475163813772
15.068273812173889,15.045851781394347
13.071072188277716,13.076431942908997
14.914123179965665,14.774583642615738
13.76421831620775,13.782969611112199
14.07787559166224,14.194383673312798
14.403297778421797,14.446536370800505
11.51293546492023,11.51293546492023
11.775297421715829,11.923952700922046
13.45883704259595,13.472655203038267
11.608244735642321,11.662556227096815
14.220976332738884,14.297620539191419
13.56061959865723,13.570649904470745
11.51293546492023,11.499716767546113
13.26212705890841,13.119760496215806
14.690979711984758,14.706215565825854
15.42494867039835,16.201322338446836
13.171155446333854,13.406282940109492
14.557448378884017,14.540871269368514
15.096444681204076,15.02296366421271
14.880221639784232,14.95403160233617
13.737550097575062,13.927320756051405
13.997832948091213,14.129111452101949
13.997832948091213,13.983295883916385
15.687312888712007,15.687312888712007
13.737550097575062,13.421338655007702
12.765691290604368,12.776250801145682
16.257857680289998,16.241995614408626
13.017005083966257,13.151082007173184
17.50439003707821,17.36186680911153
14.346139397261565,14.163042945397464
13.26212705890841,13.26212705890841
13.790193775620486,13.74865074904731
14.557448378884017,14.544358834145415
14.690979711984758,14.830253749125417
13.623139877437294,13.549925824844276
12.524530013005736,12.524530013005736
13.910821646859095,14.077875591662233
13.45883704259595,13.453636063256207
14.690979711984758,14.651253827261138
15.761420849876721,16.201322338446836
14.151983508870952,14.648225997099516
16.52356082573315,16.547587867875794
13.171155446333854,13.219247993614545
15.096444681204076,15.096034748934027
14.845130332288226,14.627824641721892
12.388398368982118,12.429220196836383
13.304686600863564,13.304686600863564
13.710151153416938,13.783159546208013
12.959846800844964,12.988396747977731
12.388398368982118,12.28471439607799
13.26212705890841,13.130979947575353
12.154784614286665,11.923952700922046
12.429220196836383,12.4926851512138
14.285514812209815,14.174036029609905
16.95100481737168,17.050913701275817
14.403297778421797,14.386945123237684
14.690979711984758,14.704266915480149
13.737550097575062,13.709797845590785
13.345508528717264,13.44257590351531
11.608244735642321,11.666185300402052
14.648420115681892,14.603418150064462
16.705882371415992,16.65798632184325
11.849404844423075,11.898647413361559
15.42494867039835,15.433665422852332
14.508658238524097,14.544358834145415
12.524530013005736,12.664850558653251
13.345508528717264,13.032871781990105
13.45883704259595,13.310628218317248
13.910821646859095,13.910821646859088
15.341567078850598,15.246650813190158
14.403297778421797,14.49478592377529
12.691583538230217,12.971322271018224
13.26212705890841,13.25576831963126
13.171155446333854,13.210388111102434
14.346139397261565,14.330960746358512
13.122365377402328,13.239897929577143
12.429220196836383,12.546230497061215
15.150511887854474,15.188721996011143
12.834683971615663,12.793246979186096
12.834683971615663,12.583762650470167
14.07787559166224,13.954264013263078
11.289794413577896,11.509985851009024
12.834683971615663,12.939038963828965
14.77102238760702,14.74769818008105
11.849404844423075,11.849404844423075
13.071072188277716,13.076431942908997
12.899222326086992,12.877676158282949
11.51293546492023,11.824654727905688
13.710151153416938,13.710151153416938
16.118095750958318,16.10150846472316
17.327056026646044,17.36186680911153
13.26212705890841,13.156780634408827
17.426428497635527,17.422017757161584
12.524530013005736,12.680416702823184
14.880221639784232,14.869993477889773
14.648420115681892,14.690517605977176
12.25486757159303,12.020480292729244
13.345508528717264,13.286037385172948
14.346139397261565,14.302285647724375
14.457364970452321,14.416796820754561
17.327056026646044,17.152901143404765
14.151983508870952,14.159633908894317
15.341567078850598,15.184920249849
12.10071768541247,11.859238295910497
17.034386422832476,17.11085751696119
12.611541086966119,12.649916047096244
16.4545679590081,16.466032170390648
14.151983508870952,14.133422451695825
13.910821646859095,13.821053337605342
14.285514812209815,14.246758960620733
15.039286283703994,15.497054601128855
14.346139397261565,14.422726674229027
13.997832948091213,13.997832948091213
14.151983508870952,14.285514812209822
11.608244735642321,10.753762967185864
12.834683971615663,12.82544427268276
12.834683971615663,12.834683971615663
14.648420115681892,14.690517605977176
14.557448378884017,14.520841409952135
11.51293546492023,11.435664881602264
12.206077645517675,12.265255965558465
14.508658238524097,14.47068581135877
13.422469451335049,13.44257590351531
13.217675375388822,13.219247993614545
14.77102238760702,14.69005551357881
16.41820031748273,16.484815498532143
16.52356082573315,16.404938896618276
16.0127352464116,16.088927023955478
15.039286283703994,15.020132571643956
13.26212705890841,13.227541538992705
16.213405921671736,16.088927023955478
12.611541086966119,12.611541086966131
16.16688591036584,16.194782808672574
15.42494867039835,15.46872110240594
13.623139877437294,13.64432518832063
13.26212705890841,13.17191371838889
13.910821646859095,13.910821646859088
12.834683971615663,12.817403451387012
13.122365377402328,13.101825702390409
13.071072188277716,13.049420365451416
14.508658238524097,14.55666764051196
13.304686600863564,13.282883999211668
15.520258832020861,15.528908188444806
14.97866168026991,15.053326772437728
12.524530013005736,12.524530013005736
12.691583538230217,12.671528906143937
13.071072188277716,13.48707495113749
15.520258832020861,15.34697462552344
13.910821646859095,13.863090205195467
14.151983508870952,14.151983508870938
13.45883704259595,13.422479155328354
12.899222326086992,12.929501582004235
14.285514812209815,14.27743256080078
15.520258832020861,15.428381934176524
12.206077645517675,12.169858718347545
13.071072188277716,12.992480075508517
13.017005083966257,13.017005083966257
14.220976332738884,14.292239032907712
13.26212705890841,13.244911330360354
14.285514812209815,14.285514812209815
14.457364970452321,14.828435960940599
13.910821646859095,13.829943742392826
14.07787559166224,14.139606943028351
14.346139397261565,14.285514812209822
13.217675375388822,13.219247993614545
13.910821646859095,13.910821646859107
14.220976332738884,14.285514812209815
12.34583893572197,12.204923603626005
13.623139877437294,13.623030817172124
12.959846800844964,12.954324575521666
11.608244735642321,11.364358437493308
13.815511557963774,13.863090205195467
13.910821646859095,13.809707503954861
12.10071768541247,12.112590661693359
13.910821646859095,13.910821646859088
15.009433329466962,14.462796242172058
13.071072188277716,13.211381323614054
13.997832948091213,13.997832948091213
14.690979711984758,14.690979711984758
13.493928313146203,13.542477701043984
16.759949589762293,16.595302379647194
13.527829818844937,13.471900625788106
14.808762701344863,14.806963497339014
12.301387370778713,12.321865568034767
13.815511557963774,13.853562267868824
13.997832948091213,13.548420868080417
13.45883704259595,13.474657240973297
14.151983508870952,14.151983508870938
15.42494867039835,15.20212775741146
17.385043282614657,17.422017757161584
14.151983508870952,14.174946299200041
12.301387370778713,12.710072989678578
13.345508528717264,13.353344094737537
12.765691290604368,12.865869077691999
12.899222326086992,12.899222326086985
13.345508528717264,13.378184966486153
13.997832948091213,13.910821646859088
15.607270193858977,15.20834893745516
13.997832948091213,13.997832948091213
12.765691290604368,12.765691290604362
12.388398368982118,12.415546312973401
16.759949589762293,16.613265440663476
13.017005083966257,12.852420599840054
13.997832948091213,14.012808508930648
13.815511557963774,13.831000846278481
14.07787559166224,14.057824971119153
13.217675375388822,13.171155446333854
13.122365377402328,13.119760496215806
14.285514812209815,14.28551481220983
11.918397239722838,12.132434654862456
12.691583538230217,12.671528906143937
14.285514812209815,14.25202206600313
14.151983508870952,14.183890263371376
14.690979711984758,14.64819643138364
12.524530013005736,12.431486787964358
12.611541086966119,12.691583538230217
13.527829818844937,13.572014262886546
15.520258832020861,15.340860795553628
13.910821646859095,13.88693679609233
13.071072188277716,12.939038963828965
15.955576839107596,16.032214379319036
17.265498135541897,17.175837472084048
13.171155446333854,13.171155446333854
15.29711532616119,15.024015877550454
14.403297778421797,14.42957059815425
16.066802461833927,15.781227179683324
12.899222326086992,12.899222326086985
15.520258832020861,15.49171559600147
15.009433329466962,14.99788702261749
12.524530013005736,12.524530013005736
13.171155446333854,13.146739378142644
13.171155446333854,13.228221403711924
13.815511557963774,13.80267156532893
12.691583538230217,12.82544427268276
13.45883704259595,13.072317272655848
13.217675375388822,13.219247993614545
14.07787559166224,14.137132843267375
13.071072188277716,13.12080880122802
12.834683971615663,12.752398456341796
13.45883704259595,13.310628218317248
13.071072188277716,13.096199340049344
15.250595321348804,15.118204967139636
13.910821646859095,13.863090205195467
13.171155446333854,13.17051205360975
15.761420849876721,15.778642505391517
13.171155446333854,13.219247993614545
14.403297778421797,14.446536370800505
12.691583538230217,12.671528906143937
14.285514812209815,14.315797108445846
13.217675375388822,13.171155446333854
13.710151153416938,13.643703226291139
13.815511557963774,13.627480873708523
14.346139397261565,14.285051437863727
14.346139397261565,14.306591883416353
12.959846800844964,13.030502352321783
13.910821646859095,13.786274336823173
14.731801689838345,14.877782853700062
14.808762701344863,14.869993477889773
13.910821646859095,13.815511557963786
15.250595321348804,15.238166263030504
13.493928313146203,13.474657240973297
13.623139877437294,13.62303081717213
13.26212705890841,13.44257590351531
14.285514812209815,14.27627830236723
13.815511557963774,13.812056582773765
14.403297778421797,14.341939412823356
14.151983508870952,14.159027668782686
14.07787559166224,14.12278963778719
17.23323727436452,17.129414816897018
14.220976332738884,14.220976332738877
13.071072188277716,13.11665691309091
13.76421831620775,13.762511022171564
14.880221639784232,14.84493648735005
13.122365377402328,13.057535891956595
15.31958817696275,15.45655270106409
14.151983508870952,14.151983508870938
13.304686600863564,13.23543939912121
15.096444681204076,15.161035190704126
13.623139877437294,13.67968690134072
16.16688591036584,16.47179066802206
15.955576839107596,15.955576839107604
14.403297778421797,14.564789169133796
12.834683971615663,12.874985236824324
12.524530013005736,12.020480292729244
13.815511557963774,13.643703226291139
15.830413711839864,15.915136306319837
13.997832948091213,13.997832948091213
13.910821646859095,13.932527032013336
11.775297421715829,11.98293534419643
13.071072188277716,13.076101674434009
12.899222326086992,12.727219278738453
13.071072188277716,13.134547123874038
12.765691290604368,12.824806744040064
13.493928313146203,13.45448850756061
16.16688591036584,16.16688591036583
15.42494867039835,15.46872110240594
13.171155446333854,13.148314127388252
14.151983508870952,14.07787559166224
13.345508528717264,13.465103273595242
14.845130332288226,14.868515910805021
15.520258832020861,15.621768666341072
13.217675375388822,13.17051205360975
14.508658238524097,14.906390549550188
14.346139397261565,14.280691422867314
14.07787559166224,14.03957525716541
12.834683971615663,12.7625459794004
11.98293534419643,12.469954446981918
14.457364970452321,14.457364970452316
14.285514812209815,14.285514812209822
14.07787559166224,14.07787559166226
13.623139877437294,13.61682770715134
14.285514812209815,14.285514812209815
14.808762701344863,14.931330790285857
14.07787559166224,14.091347213095693
15.520258832020861,15.682818538290835
15.31958817696275,15.454088919500517
14.07787559166224,13.938290120890155
13.815511557963774,13.549925824844276
15.761420849876721,15.685740116026238
15.29711532616119,15.330140395330151
15.42494867039835,15.42494867039835
13.997832948091213,13.88693679609233
13.122365377402328,12.981937913414056
16.341239282272525,15.992935418687996
13.910821646859095,13.863090205195467
14.151983508870952,14.25202206600313
14.285514812209815,14.27743256080078
11.918397239722838,11.925552268081626
18.099097133618006,18.335213655678572
15.384126684211434,15.433665422852332
13.345508528717264,13.298895103856468
15.761420849876721,16.02287993472385
16.341239282272525,16.24514547731741
14.508658238524097,14.40170992101139
13.493928313146203,13.44257590351531
12.10071768541247,12.154358184964716
14.557448378884017,14.544358834145415
14.914123179965665,14.931330790285857
11.849404844423075,11.849404844423075
13.527829818844937,13.453636063256207
15.42494867039835,15.42494867039835
14.220976332738884,14.242458825130745
13.217675375388822,13.27979655398853
12.611541086966119,12.589735978128482
13.122365377402328,13.11665691309091
13.68198030819624,13.69000889638653
12.524530013005736,12.631507723506946
17.182806422433504,17.129414816897018
14.07787559166224,14.07787559166226
14.151983508870952,14.174946299200041
15.520258832020861,15.46872110240594
13.815511557963774,13.88693679609233
11.918397239722838,12.08022716068154
12.691583538230217,12.691583538230217
13.710151153416938,13.782778704571523
12.691583538230217,13.233216635398673
11.918397239722838,11.419508404992422
13.997832948091213,13.46305190841534
11.289794413577896,10.241816887951199
16.811242881518265,16.8343957527645
14.914123179965665,14.921742574935356
13.997832948091213,14.012808508930648
13.017005083966257,12.954324575521666
15.29711532616119,15.45655270106409
14.285514812209815,14.297620539191419
11.002116507732017,11.134122998319503
16.52356082573315,16.52935213235874
13.997832948091213,14.07787559166224
14.285514812209815,14.28551481220983
14.457364970452321,14.46305583454404
14.946912992035964,14.999649882760929
13.493928313146203,13.464452150636705
15.096444681204076,16.02287993472385
15.687312888712007,15.474406920140634
13.623139877437294,13.662050195436011
13.384729180332172,13.384333343677453
13.910821646859095,13.976032636602113
13.45883704259595,13.453636063256207
14.220976332738884,14.246758960620733
13.493928313146203,13.829451189009392
12.301387370778713,12.212893012951424
14.07787559166224,14.091347213095693
14.151983508870952,14.297620539191419
11.918397239722838,11.918397239722838
13.304686600863564,13.286037385172948
13.56061959865723,13.560619598657224
13.384729180332172,13.463649858856686
16.705882371415992,16.8343957527645
13.623139877437294,13.623030817172124
13.304686600863564,13.227541538992705
13.017005083966257,12.950908674716716
14.220976332738884,14.220976332738884
12.765691290604368,13.032871781990105
14.285514812209815,14.220976332738884
13.623139877437294,13.806362023279599
13.217675375388822,13.130979947575353
14.946912992035964,14.953036303851654
12.765691290604368,12.78290713782527
12.834683971615663,13.055603198639336
13.910821646859095,13.875008721992868
13.790193775620486,13.747603698336535
13.710151153416938,13.710151153416938
13.422469451335049,13.422479155328354
16.066802461833927,16.250441090191288
16.52356082573315,16.404938896618276
14.403297778421797,14.390577545670391
13.623139877437294,13.650655203360508
14.508658238524097,14.27627830236723
14.648420115681892,14.769878905568893
12.10071768541247,12.10634424821014
12.765691290604368,12.765691290604368
14.603968372873894,14.648420115681892
14.557448378884017,14.64819643138364
13.304686600863564,13.38395242830046
14.07787559166224,14.174036029609905
16.97251102166758,16.90125699660992
13.910821646859095,13.92322085785992
13.493928313146203,13.59210725286958
14.690979711984758,14.69913562452955
15.42494867039835,15.20212775741146
13.122365377402328,13.197719592695528
12.25486757159303,12.262609557680019
12.611541086966119,12.611541086966124
18.24035720179713,18.193442788032442
13.997832948091213,13.829943742392826
12.959846800844964,12.954324575521666
15.761420849876721,15.778642505391517
14.346139397261565,14.355651043471221
14.403297778421797,14.25321143859139
14.946912992035964,14.942810573644543
11.51293546492023,11.796427250068472
13.071072188277716,13.131573457957968
11.51293546492023,11.589124981119168
13.304686600863564,13.286037385172948
13.815511557963774,13.829451189009392
12.834683971615663,12.827001073907919
13.623139877437294,13.703092082968814
13.623139877437294,13.643703226291139
15.096444681204076,14.930213942288068
13.815511557963774,13.812056582773765
15.29711532616119,15.250444832609379
12.899222326086992,12.736358246674095
13.997832948091213,14.03957525716541
14.403297778421797,14.46305583454404
13.384729180332172,13.44257590351531
13.071072188277716,13.148314127388252
14.690979711984758,14.74769818008105
12.388398368982118,12.19053480953542
13.422469451335049,13.576559841617758
13.737550097575062,13.63716626821605
15.761420849876721,15.873411935834202
12.765691290604368,12.973824468995856
12.25486757159303,12.25486757159303
12.611541086966119,12.431486787964358
13.56061959865723,13.560619598657224
15.123843647884687,15.248586523455444
12.611541086966119,12.664850558653251
12.388398368982118,12.265255965558465
13.68198030819624,13.681980308196245
11.608244735642321,11.651675244729665
13.592368256649284,13.5529558946635
10.12667110305036,9.978013766590985
13.493928313146203,13.472655203038267
13.26212705890841,13.570649904470745
12.524530013005736,12.381485475451052
13.071072188277716,13.00734707702166
15.955576839107596,15.709752807348732
14.403297778421797,14.449629482107781
14.77102238760702,14.725348419891787
14.457364970452321,14.443830406397609
12.388398368982118,12.364737511412422
13.997832948091213,13.829943742392826
17.676240290057496,17.707723971470724
10.596659732783579,11.652110063785376
13.304686600863564,13.261677080817392
15.607270193858977,15.788245016507751
12.959846800844964,12.959846800844964
13.384729180332172,13.437183607696078
14.845130332288226,14.540765689924585
15.687312888712007,15.70678128579998
13.45883704259595,13.413025110903886
13.997832948091213,13.997832948091213
13.171155446333854,13.406282940109492
11.15626480664374,11.134122998319503
13.527829818844937,13.493928313146203
14.151983508870952,13.88693679609233
14.151983508870952,14.166654758547976
13.737550097575062,13.709797845590785
13.527829818844937,13.48707495113749
14.285514812209815,14.305696349720774
13.26212705890841,13.360334769043373
12.524530013005736,12.429220196836383
14.285514812209815,14.27743256080078
13.345508528717264,13.42973564432751
14.690979711984758,14.54719515242112
13.592368256649284,13.548420868080417
15.955576839107596,15.788245016507751
15.123843647884687,15.238166263030504
13.422469451335049,13.48707495113749
13.737550097575062,13.623030817172124
12.765691290604368,12.691583538230217
15.607270193858977,15.665695236820536
12.611541086966119,12.651503648911703
13.122365377402328,13.119760496215806
12.10071768541247,12.127723315342122
13.815511557963774,13.815511557963774
11.695255355062798,11.83234614139584
13.493928313146203,13.493928313146203
14.151983508870952,14.085270043370413
14.557448378884017,14.563255785046344
13.422469451335049,13.234612964473172
13.910821646859095,14.051147357889418
16.6777114960366,16.65798632184325
14.731801689838345,14.718182577143935
16.0127352464116,15.95420027964995
13.45883704259595,13.570649904470745
13.910821646859095,13.875008721992868
14.880221639784232,14.89438034089678
12.524530013005736,12.691583538230217
16.835935492889124,16.812280937214783
13.910821646859095,13.921670392796273
17.51681255676813,17.606562541473785
13.76421831620775,13.777112646003301
10.819798284210286,10.93446540091223
16.52356082573315,16.521110530832367
16.588099342704055,16.484815498532143
14.914123179965665,15.043049048947655
14.403297778421797,14.390577545670391
17.111347461005643,17.257687267800577
14.808762701344863,14.775733415939973
13.815511557963774,13.776479411777808
13.997832948091213,13.997832948091213
14.07787559166224,14.167288171687234
12.765691290604368,12.690673651036665
12.388398368982118,12.429220196836383
12.524530013005736,12.132434654862456
13.815511557963774,13.935630379522163
16.993564429978882,16.86576301144963
12.691583538230217,12.664850558653251
13.76421831620775,13.661097681030947
13.527829818844937,13.382008658474984
16.16688591036584,16.16688591036583
14.285514812209815,14.302811642379202
14.403297778421797,14.365168585066758
14.285514812209815,14.285514812209815
14.508658238524097,14.520841409952128
13.45883704259595,13.570707819618963
12.34583893572197,12.1142671160449
14.07787559166224,14.07787559166224
11.407576060361784,12.516184418506763
13.217675375388822,13.043641921708216
11.289794413577896,11.002116507732017
13.652992804936394,13.591727643568413
11.51293546492023,11.589124981119168
11.849404844423075,11.859238295910497
14.151983508870952,14.167288171687234
16.213405921671736,16.34039245745765
13.710151153416938,13.667325158935226
13.122365377402328,13.107265558354918
12.765691290604368,12.779462246783686
15.761420849876721,15.873411935834202
14.914123179965665,14.855505038297622
14.07787559166224,14.012808508930648
14.508658238524097,14.60144492949088
14.403297778421797,14.446536370800505
14.808762701344863,14.826936070984372
14.731801689838345,14.70384426374941
13.997832948091213,13.952043327825242
15.226497775576945,15.156643481191942
13.623139877437294,13.591727643568413
12.765691290604368,12.78290713782527
13.623139877437294,13.623030817172124
12.959846800844964,13.12894196533125
13.76421831620775,13.767370270065193
15.096444681204076,15.034631885021945
14.220976332738884,14.159633908894317
14.151983508870952,14.151983508870938
11.98293534419643,12.112590661693359
16.380459992348886,16.334001955812056
14.220976332738884,14.285514812209815
12.959846800844964,12.950908674716716
13.652992804936394,13.636400329178986
13.171155446333854,13.170750366722201
14.457364970452321,13.503061174638614
13.493928313146203,13.406457778945285
12.765691290604368,12.765691290604368
11.51293546492023,11.51293546492023
14.151983508870952,14.305696349720774
13.122365377402328,13.050268545806414
16.41820031748273,16.363796221596314
12.524530013005736,12.753312201494532
14.457364970452321,14.341939412823356
12.899222326086992,13.00734707702166
16.213405921671736,16.201322338446836
14.97866168026991,14.99788702261749
13.997832948091213,13.954264013263078
14.346139397261565,14.361920641160749
14.151983508870952,14.151642667919253
11.695255355062798,11.666185300402052
13.623139877437294,13.612200033336073
14.648420115681892,14.69005551357881
12.765691290604368,12.845775367045883
13.304686600863564,13.304376739386953
13.217675375388822,13.170669352189371
12.765691290604368,12.691583538230217
12.524530013005736,12.611541086966124
13.26212705890841,13.26921151238688
13.304686600863564,13.282883999211668
12.429220196836383,12.34583893572197
12.301387370778713,12.32041988325717
12.834683971615663,12.824806744040064
13.217675375388822,13.463649858856686
11.849404844423075,11.918397239722838
14.285514812209815,14.285514812209815
15.123843647884687,15.05330363231753
12.691583538230217,12.691583538230223
14.220976332738884,13.902604105654023
12.899222326086992,12.959846800844964
13.171155446333854,13.177816611232696
13.071072188277716,13.008553963874041
14.457364970452321,14.430307693290603
13.26212705890841,13.463649858856686
11.775297421715829,11.453877555311191
13.623139877437294,13.382545598960148
14.731801689838345,15.043049048947655
13.017005083966257,13.171155446333854
15.068273812173889,15.296105241518912
14.880221639784232,14.869993477889773
13.527829818844937,13.576559841617758
13.997832948091213,13.997832948091213
13.815511557963774,13.910821646859095
15.894952224644104,15.905221440916591
15.068273812173889,14.843835194717682
13.122365377402328,13.096695453001105
11.775297421715829,11.105596730465516
14.151983508870952,14.163042945397464
11.51293546492023,11.153074878996193
13.45883704259595,13.498576569361841
13.56061959865723,13.570649904470745
14.557448378884017,14.520841409952128
13.071072188277716,12.950908674716716
14.07787559166224,14.085270043370413
11.608244735642321,11.499716767546113
12.765691290604368,13.055603198639336
13.304686600863564,13.219247993614545
13.997832948091213,13.954264013263078
14.220976332738884,14.174946299200041
13.68198030819624,13.702897380224561
14.346139397261565,14.439321519102585
13.76421831620775,13.63716626821605
13.217675375388822,13.212064349585427
14.285514812209815,14.056101861849193
13.493928313146203,13.493928313146203
11.15626480664374,11.105596730465516
13.384729180332172,13.206141075940907
14.07787559166224,14.012808508930648
14.07787559166224,14.174036029609905
16.618870999476865,16.951292579166072
13.122365377402328,12.633580167495976
13.45883704259595,13.637582209768796
14.731801689838345,14.74769818008105
14.648420115681892,14.706215565825854
17.491811255187805,17.324128081250695
13.122365377402328,13.096695453001105
13.017005083966257,12.939038963828965
13.910821646859095,13.976032636602119
13.910821646859095,13.910821646859088
12.524530013005736,12.53899313635135
12.611541086966119,12.65287750200365
11.51293546492023,11.608244735642314
13.384729180332172,13.261677080817392
14.220976332738884,14.305696349720774
13.997832948091213,13.85673636001817
13.623139877437294,13.6490685990851
13.217675375388822,13.227541538992705
14.285514812209815,14.302811642379202
12.524530013005736,12.56386594812438
12.691583538230217,12.651503648911703
12.154784614286665,11.992316607303076
12.154784614286665,12.491154286823305
14.603968372873894,14.757675802680875
14.77102238760702,14.663040953157388
13.384729180332172,13.606370581006363
14.285514812209815,14.159027668782686
16.257857680289998,16.18404306212175
12.524530013005736,12.487651382252546
15.384126684211434,15.394359467444488
16.759949589762293,16.70392788923907
14.220976332738884,14.218095369527198
13.122365377402328,13.050268545806414
12.611541086966119,12.611541086966124
13.493928313146203,13.215480375023816
13.304686600863564,13.286037385172948
13.815511557963774,13.815511557963786
14.151983508870952,14.151983508870938
13.790193775620486,13.767370270065193
13.790193775620486,13.719278470337436
13.997832948091213,14.088240833221086
13.422469451335049,13.44257590351531
12.899222326086992,13.000300263277111
15.201805169084132,16.116813338056502
16.41820031748273,16.299498245131662
13.815511557963774,13.884726108643745
15.520258832020861,15.687312888712007
13.304686600863564,13.360334769043373
11.002116507732017,10.241816887951199
16.618870999476865,16.37260323225964
12.765691290604368,12.794431751832683
13.017005083966257,13.001866468766165
12.765691290604368,12.736358246674095
15.363073279446226,15.46872110240594
15.341567078850598,15.340860795553628
14.07787559166224,14.297620539191419
12.834683971615663,12.827001073907919
13.68198030819624,13.69000889638653
13.384729180332172,13.422479155328354
12.301387370778713,12.364737511412422
15.687312888712007,15.70580910446812
13.815511557963774,13.884726108643745
14.151983508870952,14.151983508870938
13.171155446333854,13.178898184076697
14.220976332738884,14.22097633273887
13.623139877437294,13.643703226291139
13.910821646859095,13.910821646859088
12.691583538230217,12.776250801145682
16.52356082573315,16.52356082573315
13.122365377402328,13.122365377402335
13.910821646859095,13.935630379522163
11.695255355062798,11.666185300402052
11.51293546492023,11.51293546492023
16.3004172910856,16.299498245131662
12.611541086966119,12.691583538230217
12.154784614286665,12.131585804210365
13.217675375388822,13.606370581006363
12.691583538230217,12.834683971615663
14.457364970452321,14.457364970452328
13.910821646859095,13.93011376309131
11.98293534419643,11.99157867001227
13.217675375388822,13.171155446333854
13.527829818844937,13.341709251464529
13.45883704259595,13.463649858856686
13.910821646859095,13.815511557963774
14.603968372873894,14.540765689924585
14.403297778421797,14.457364970452328
13.790193775620486,13.647124103185385
13.26212705890841,13.304686600863564
13.815511557963774,13.863090205195467
14.557448378884017,14.544358834145415
13.26212705890841,13.286037385172948
13.071072188277716,13.109524577435192
14.285514812209815,14.333995275024462
13.997832948091213,14.07787559166224
14.648420115681892,14.690979711984758
14.07787559166224,14.077875591662245
13.68198030819624,13.643703226291139
14.151983508870952,14.220976332738884
16.906553056777135,16.70392788923907
15.955576839107596,16.16688591036583
14.220976332738884,14.096368520927227
12.959846800844964,12.945604129866512
17.073607134447293,17.707723971470724
14.346139397261565,14.315100675211024
12.691583538230217,12.651503648911703
14.77102238760702,14.603418150064462
14.346139397261565,14.38816599871067
13.45883704259595,13.570649904470745
12.765691290604368,12.790927884532207
13.217675375388822,13.463649858856686
13.122365377402328,12.975225152521002
11.608244735642321,11.680711997484481
13.68198030819624,13.760405618196994
12.611541086966119,12.752398456341796
13.710151153416938,13.710151153416938
12.611541086966119,12.690673651036665
13.527829818844937,13.478878780775041
12.611541086966119,12.431486787964358
14.508658238524097,14.508658238524097
14.603968372873894,14.603723827007697
12.691583538230217,12.543616537856163
13.384729180332172,13.437183607696078
14.403297778421797,14.70384426374941
12.611541086966119,12.611541086966112
13.422469451335049,13.286037385172948
11.51293546492023,11.51293546492023
14.220976332738884,14.297620539191419
14.220976332738884,14.284472239684664
14.346139397261565,14.346139397261565
14.508658238524097,14.774583642615738
13.171155446333854,13.148314127388252
15.150511887854474,15.161134615155806
12.765691290604368,12.736358246674095
16.118095750958318,16.012007893372775
15.955576839107596,15.905221440916591
13.45883704259595,13.474657240973297
14.403297778421797,14.403297778421804
13.017005083966257,12.889984161021562
13.910821646859095,13.884726108643745
14.07787559166224,14.07787559166226
11.15626480664374,11.105596730465516
14.346139397261565,14.285051437863727
12.899222326086992,12.899222326086985
14.220976332738884,14.341939412823356
12.959846800844964,12.952254304257494
14.603968372873894,14.545236472610613
13.071072188277716,13.131573457957968
14.346139397261565,14.285514812209822
14.880221639784232,14.880221639784232
13.122365377402328,13.113803546284927
12.206077645517675,12.10634424821014
13.710151153416938,13.830059558344049
14.457364970452321,14.457364970452328
17.412822845949975,17.707723971470724
13.68198030819624,13.64432518832063
14.285514812209815,14.441897864913345
13.384729180332172,13.285755592145994
13.652992804936394,13.782969611112199
11.51293546492023,11.435664881602264
12.611541086966119,12.611541086966119
13.652992804936394,13.6490685990851
14.220976332738884,14.220976332738884
13.493928313146203,13.594423842566364
15.42494867039835,15.46872110240594
11.407576060361784,11.153074878996193
13.56061959865723,13.422479155328354
14.731801689838345,14.69005551357881
13.737550097575062,13.709797845590785
13.493928313146203,13.48707495113749
15.520258832020861,15.709752807348732
12.899222326086992,13.21767537538883
13.217675375388822,13.182771139212468
14.285514812209815,14.302811642379202
14.285514812209815,14.285514812209822
12.834683971615663,12.824806744040064
11.849404844423075,11.929231669694225
13.345508528717264,13.286037385172948
14.648420115681892,14.648420115681892
12.611541086966119,12.343422196780772
11.849404844423075,11.557775339653887
11.775297421715829,11.634437924560546
14.151983508870952,14.151983508870957
13.217675375388822,13.304686600863564
12.34583893572197,12.32041988325717
17.83189359673468,18.053773686540225
14.845130332288226,14.96224327031046
13.737550097575062,13.709945056153755
12.691583538230217,12.733099727487463
13.527829818844937,13.576559841617758
13.493928313146203,13.584941048843557
13.815511557963774,13.786274336823173
13.45883704259595,13.472655203038267
12.524530013005736,12.546230497061215
13.527829818844937,13.425691585911785
12.34583893572197,12.364737511412422
15.009433329466962,14.962926049379222
13.45883704259595,13.466269828551594
14.808762701344863,14.842463871888226
13.910821646859095,13.910821646859107
14.151983508870952,14.114884131665525
12.834683971615663,12.676272652143119
16.733281344102608,16.818403828356782
14.603968372873894,14.556208204818182
14.07787559166224,14.163460557322699
14.731801689838345,14.94308600518761
13.815511557963774,13.863090205195467
14.845130332288226,14.839063255742298
14.508658238524097,14.457364970452316
12.691583538230217,12.691583538230217
13.45883704259595,13.661097681030947
14.808762701344863,14.877782853700062
15.607270193858977,15.623247958993058
14.346139397261565,14.341939412823356
13.017005083966257,13.017005083966257
14.346139397261565,14.220976332738884
14.151983508870952,14.133422451695825
15.226497775576945,14.906390549550188
14.285514812209815,14.341939412823356
12.524530013005736,12.524530013005736
14.285514812209815,14.315797108445846
14.151983508870952,14.252616740704113
14.151983508870952,14.285514812209815
12.834683971615663,12.834683971615668
15.068273812173889,15.161134615155806
13.997832948091213,14.077875591662245
18.08520802165025,18.193442788032442
13.997832948091213,14.140558627531302
12.524530013005736,12.492151705288716
14.648420115681892,14.626178437818501
12.043559598368038,11.955277281003418
13.815511557963774,13.829451189009392
13.017005083966257,13.12080880122802
12.301387370778713,12.343422196780772
14.07787559166224,14.151642667919253
12.765691290604368,12.800144515777129
13.171155446333854,13.148314127388252
13.710151153416938,13.742879884906493
14.07787559166224,14.212335078890927
14.403297778421797,14.393756618720039
12.765691290604368,12.765691290604368
13.493928313146203,13.72538945256091
13.527829818844937,13.42973564432751
14.457364970452321,14.557448378884017
16.785925074816028,17.11085751696119
12.691583538230217,12.779462246783686
13.345508528717264,13.268199232191485
14.457364970452321,14.457364970452316
16.648723960844016,16.61854738216328
14.648420115681892,14.584904051591451
14.946912992035964,14.999649882760929
11.775297421715829,11.83234614139584
15.42494867039835,15.433665422852332
13.171155446333854,13.053026687545039
13.45883704259595,13.500702279485637
13.493928313146203,13.53703209039115
13.76421831620775,13.755598433493185
14.151983508870952,14.077875591662245
14.07787559166224,14.091347213095693
14.151983508870952,14.18644074108791
15.520258832020861,15.296105241518912
13.017005083966257,12.950908674716716
15.830413711839864,15.856313314637845
15.039286283703994,15.046081728342081
14.346139397261565,14.285051437863727
12.834683971615663,12.82544427268276
12.25486757159303,12.216034917099996
13.527829818844937,13.636400329178986
14.77102238760702,14.74769818008105
12.154784614286665,12.292473815285199
14.07787559166224,14.07787559166226
14.808762701344863,14.769878905568893
13.493928313146203,13.447604834995035
13.122365377402328,13.122365377402335
13.493928313146203,13.437183607696078
12.765691290604368,12.779462246783686
13.56061959865723,13.541374951835781
13.217675375388822,12.981937913414056
14.648420115681892,14.651253827261138
12.959846800844964,12.988396747977731
12.834683971615663,12.834683971615663
14.808762701344863,14.775733415939973
15.894952224644104,15.955576839107604
13.493928313146203,13.447604834995035
15.250595321348804,15.19818591572114
15.201805169084132,15.163437265372963
12.34583893572197,12.234235384612921
12.34583893572197,12.28471439607799
14.603968372873894,14.648420115681892
13.422469451335049,13.384333343677453
12.611541086966119,12.611541086966119
12.043559598368038,12.08197821459624
13.071072188277716,12.752398456341796
16.0127352464116,16.012007893372775
13.217675375388822,13.232230949210356
13.171155446333854,13.228221403711924
14.557448378884017,14.830253749125417
14.457364970452321,14.564789169133796
14.07787559166224,14.092668121445962
14.285514812209815,14.355651043471221
12.206077645517675,12.204923603626005
13.171155446333854,13.26921151238688
13.910821646859095,14.163042945397464
15.123843647884687,15.046885048102055
13.737550097575062,13.719278470337436
14.346139397261565,14.34521631227448
13.122365377402328,13.00734707702166
12.524530013005736,12.524530013005736
14.731801689838345,14.780449010979982
12.611541086966119,12.476790849581976
14.151983508870952,14.137132843267368
14.285514812209815,14.285514812209822
12.154784614286665,12.377745803736504
14.285514812209815,14.285514812209815
15.123843647884687,14.690517605977176
15.384126684211434,15.184920249849
13.122365377402328,13.212064349585427
15.039286283703994,15.059730943319693
15.123843647884687,15.096034748934027
13.171155446333854,13.178898184076697
12.959846800844964,12.86611760415114
13.790193775620486,13.812056582773765
14.457364970452321,14.638100047267331
13.652992804936394,13.681980308196245
14.808762701344863,14.806963497339014
16.52356082573315,16.52356082573315
13.122365377402328,13.107818104993138
13.997832948091213,14.012808508930648
17.073607134447293,17.374243887472595
14.403297778421797,14.430307693290603
13.815511557963774,13.812056582773765
13.710151153416938,13.710151153416938
15.176487367510099,15.433665422852332
13.790193775620486,13.786274336823173
15.250595321348804,15.266855803372898
14.648420115681892,14.769878905568893
13.122365377402328,13.146739378142644
9.61587214452889,10.20009966174277
12.611541086966119,12.671528906143937
14.07787559166224,14.133422451695825
12.25486757159303,12.204923603626005
13.017005083966257,13.029002014249187
13.527829818844937,13.570835476848949
13.592368256649284,13.534144098711849
17.182806422433504,17.050913701275817
16.16688591036584,16.032214379319036
14.557448378884017,14.584904051591451
11.51293546492023,11.711223547996095
14.557448378884017,14.482990363456256
15.096444681204076,15.161035190704126
13.345508528717264,13.48707495113749
13.76421831620775,13.737550097575062
12.959846800844964,13.008352443641101
14.457364970452321,14.520174719706905
14.220976332738884,14.449629482107781
14.07787559166224,14.07787559166224
13.422469451335049,13.073909600261727
13.345508528717264,13.348107800592167
15.761420849876721,15.777285913586702
13.815511557963774,13.812056582773765
14.07787559166224,14.114884131665525
14.808762701344863,14.788401658837273
12.206077645517675,11.205016442550546
14.914123179965665,14.868515910805021
13.652992804936394,13.593763904883003
14.648420115681892,14.725348419891787
13.737550097575062,13.783159546208013
13.910821646859095,13.954264013263078
14.603968372873894,14.70384426374941
13.217675375388822,13.148314127388252
13.815511557963774,13.777112646003301
13.623139877437294,13.637582209768796
12.899222326086992,12.834683971615663
12.611541086966119,12.607282377748538
11.98293534419643,11.99157867001227
11.918397239722838,12.134794318077105
12.611541086966119,12.611541086966112
12.959846800844964,13.196059121412604
11.849404844423075,11.849404844423075
12.388398368982118,12.441097094711445
15.363073279446226,15.338248948740187
14.557448378884017,14.457364970452328
14.403297778421797,14.386568861687968
11.695255355062798,11.589124981119168
12.429220196836383,12.415599109860986
13.997832948091213,13.983295883916385
14.285514812209815,14.28551481220983
13.623139877437294,13.704008312203575
12.959846800844964,13.079002235676764
11.608244735642321,11.680711997484481
12.206077645517675,12.09253693492346
14.220976332738884,14.218095369527198
12.691583538230217,12.611541086966119
13.422469451335049,13.829451189009392
13.122365377402328,13.053026687545039
14.508658238524097,14.508658238524097
15.520258832020861,15.43742333143432
13.910821646859095,14.009241543455207
14.285514812209815,14.393756618720039
14.220976332738884,14.25321143859139
13.997832948091213,14.007582501896096
13.815511557963774,13.863090205195467
14.880221639784232,14.946359779925084
14.603968372873894,14.648420115681892
16.0127352464116,16.03974740968851
15.42494867039835,15.531110272012437
13.652992804936394,13.64552386438631
17.182806422433504,17.22689323599155
14.808762701344863,14.70384426374941
14.457364970452321,14.482990363456256
15.42494867039835,15.496379566939964
13.997832948091213,13.983295883916385
11.695255355062798,11.651675244729665
13.737550097575062,13.716066253581642
14.285514812209815,14.285051437863727
12.524530013005736,12.578846526279841
13.217675375388822,13.032871781990105
15.226497775576945,15.256557291354174
13.68198030819624,13.809707503954861
13.790193775620486,13.795113389478484
13.623139877437294,13.755598433493185
12.834683971615663,12.824806744040064
13.071072188277716,13.065214786136861
15.176487367510099,15.188721996011143
13.422469451335049,13.474657240973297
13.304686600863564,13.252012076994507
14.285514812209815,14.174036029609905
14.403297778421797,14.390577545670391
15.068273812173889,14.992022815699983
14.914123179965665,14.627824641721892
14.07787559166224,14.302285647724375
13.76421831620775,13.767370270065193
13.45883704259595,13.382008658474984
12.611541086966119,12.492151705288716
14.07787559166224,14.07787559166224
13.997832948091213,14.007582501896096
15.29711532616119,15.454088919500517
13.790193775620486,13.927320756051405
13.910821646859095,14.009241543455207
12.388398368982118,12.429220196836383
15.520258832020861,15.655249620415802
14.845130332288226,14.842463871888226
15.894952224644104,15.915136306319837
12.765691290604368,12.82544427268276
14.07787559166224,14.143125737125859
13.304686600863564,13.250495296284456
15.830413711839864,15.905221440916591
16.759949589762293,16.812280937214783
13.217675375388822,13.261452097095805
13.384729180332172,13.425691585911785
13.122365377402328,13.11665691309091
13.910821646859095,13.954264013263078
14.946912992035964,14.953036303851654
14.285514812209815,14.252616740704113
14.690979711984758,14.60144492949088
11.002116507732017,11.134122998319503
14.07787559166224,14.077172334161192
15.687312888712007,15.454088919500517
13.171155446333854,13.1702720183778
13.997832948091213,13.997832948091213
14.457364970452321,14.564085591445277
13.493928313146203,13.472655203038267
13.737550097575062,13.542477701043984
15.687312888712007,15.454088919500517
13.017005083966257,12.819574651770113
13.997832948091213,13.983295883916385
11.695255355062798,11.929231669694225
13.910821646859095,13.891710703493201
13.071072188277716,13.050268545806414
11.608244735642321,11.51293546492023
12.691583538230217,12.691583538230223
15.123843647884687,15.161816303863016
13.997832948091213,14.03957525716541
14.07787559166224,14.140558627531302
14.557448378884017,14.495153370914114
16.066802461833927,16.023534969411877
12.611541086966119,12.649916047096244
13.171155446333854,13.185785035902084
12.154784614286665,12.169858718347545
13.76421831620775,13.946781744225833
12.611541086966119,12.65287750200365
13.997832948091213,14.140558627531302
14.403297778421797,14.338548194257598
12.388398368982118,12.419003085835733
13.815511557963774,13.847213703145206
13.997832948091213,13.997832948091213
17.71748324774094,17.672604887980217
12.611541086966119,12.611541086966131
13.815511557963774,13.878983684391898
13.76421831620775,13.820965384935349
14.457364970452321,14.441897864913345
13.997832948091213,13.997832948091213
14.07787559166224,14.107475163813772
13.76421831620775,13.902604105654023
13.710151153416938,13.710151153416938
13.790193775620486,13.640450358307746
13.815511557963774,13.812056582773765
14.508658238524097,14.508658238524097
13.910821646859095,13.847213703145206
12.834683971615663,12.676272652143119
13.26212705890841,13.230045155388728
13.345508528717264,13.196059121412604
13.45883704259595,13.46107275261604
12.524530013005736,12.664850558653251
13.26212705890841,12.981937913414056
12.25486757159303,12.395193379446376
13.122365377402328,13.148314127388252
14.457364970452321,14.49478592377529
16.0127352464116,15.998427605701991
14.690979711984758,14.652002962819244
15.607270193858977,15.655249620415802
13.997832948091213,14.142923874454008
15.123843647884687,15.238166263030504
13.493928313146203,13.422479155328354
13.790193775620486,13.786274336823173
16.6777114960366,16.70392788923907
13.26212705890841,13.286037385172948
15.250595321348804,15.043049048947655
12.691583538230217,12.543616537856163
14.457364970452321,14.563394961783912
12.154784614286665,12.27901333407213
14.946912992035964,14.942810573644543
14.403297778421797,14.310671744580663
12.959846800844964,12.950908674716716
13.122365377402328,13.131573457957968
15.274125813221904,15.188721996011143
15.687312888712007,15.67394569904036
12.154784614286665,12.288627511815774
13.592368256649284,13.643703226291139
15.096444681204076,15.708458261299697
14.946912992035964,14.942810573644543
12.765691290604368,12.779462246783686
15.29711532616119,15.655249620415802
14.603968372873894,14.653917578174571
13.071072188277716,13.076431942908997
14.151983508870952,14.142923874454008
12.765691290604368,12.669794589381043
13.171155446333854,13.071072188277716
13.592368256649284,13.640450358307746
12.524530013005736,12.546230497061215
11.98293534419643,11.992316607303076
14.914123179965665,14.879589286585627
14.648420115681892,14.55588694132067
12.34583893572197,12.4546381685509
12.301387370778713,12.204923603626005
13.422469451335049,13.414913484101564
13.815511557963774,13.85673636001817
13.217675375388822,13.053026687545039
17.147715103853763,17.283900929739833
14.648420115681892,14.707295776383209
13.071072188277716,13.211381323614054
14.557448378884017,14.557448378884017
14.603968372873894,14.54719515242112
13.217675375388822,13.345080288672355
13.997832948091213,14.07787559166224
16.6777114960366,16.613265440663476
13.527829818844937,13.709797845590785
14.97866168026991,14.970718587332055
12.691583538230217,12.690309713090338
12.429220196836383,12.429220196836383
12.25486757159303,12.36645142799672
12.959846800844964,12.86611760415114
14.285514812209815,14.380408923143504
12.959846800844964,13.008553963874041
12.691583538230217,12.733099727487463
12.34583893572197,12.388398368982118
13.171155446333854,13.170669352189371
14.285514812209815,14.27627830236723
14.731801689838345,14.74769818008105
17.412822845949975,17.509586128450863
16.52356082573315,16.47179066802206
16.341239282272525,16.379677199879847
14.690979711984758,14.704266915480149
14.97866168026991,15.080600634630546
18.02763817065757,18.053773686540225
13.68198030819624,13.760405618196994
12.899222326086992,12.676272652143119
16.341239282272525,16.341239282272525
14.220976332738884,14.185529782003346
13.217675375388822,13.119760496215806
11.98293534419643,12.020480292729244
14.220976332738884,14.315797108445846
13.997832948091213,14.150620191066384
13.76421831620775,13.795113389478484
13.493928313146203,13.478878780775041
12.301387370778713,12.289742136974741
12.765691290604368,12.793246979186096
16.883563539609522,16.959874588498142
14.457364970452321,14.443830406397609
11.608244735642321,11.955277281003418
14.457364970452321,14.386945123237684
14.557448378884017,14.564085591445277
14.285514812209815,14.25202206600313
13.26212705890841,13.252012076994507
13.527829818844937,13.661097681030947
13.997832948091213,13.997832948091213
14.151983508870952,14.220976332738884
15.31958817696275,15.433665422852332
14.457364970452321,14.457364970452316
11.775297421715829,11.651675244729665
12.34583893572197,12.388398368982118
12.429220196836383,12.543616537856163
13.815511557963774,13.786274336823173
13.815511557963774,13.875008721992868
12.611541086966119,12.690309713090338
12.524530013005736,12.607282377748538
13.910821646859095,13.812056582773765
12.765691290604368,12.753312201494532
12.834683971615663,12.944665937085281
14.731801689838345,14.706215565825854
11.775297421715829,11.105596730465516
14.508658238524097,14.54719515242112
14.346139397261565,14.285514812209822
14.220976332738884,14.285514812209822
14.914123179965665,14.925045619141757
14.07787559166224,14.137132843267375
13.790193775620486,13.74865074904731
16.705882371415992,16.8343957527645
12.611541086966119,12.611541086966124
13.45883704259595,13.485884326736102
13.997832948091213,13.910821646859088
14.690979711984758,14.704266915480149
13.493928313146203,13.310628218317248
15.250595321348804,15.238166263030504
14.603968372873894,14.564085591445277
13.422469451335049,13.446704334217456
13.45883704259595,13.464679682158286
13.910821646859095,13.910821646859107
13.592368256649284,13.643703226291139
12.524530013005736,12.532489338952633
13.56061959865723,13.542477701043984
13.910821646859095,13.84594221175614
13.26212705890841,13.140003285037228
18.275654983462797,18.053773686540225
14.151983508870952,14.159633908894317
14.07787559166224,14.077875591662233
14.77102238760702,14.804040227551807
14.648420115681892,14.306591883416353
16.16688591036584,16.07346400291962
14.603968372873894,14.637295322324563
15.384126684211434,15.394359467444488
13.171155446333854,13.249095446812477
14.403297778421797,14.457364970452316
13.910821646859095,13.910821646859107
14.285514812209815,14.242458825130745
16.16688591036584,16.09466698316794
12.611541086966119,12.832172684420117
12.691583538230217,12.691583538230217
11.608244735642321,11.51293546492023
12.429220196836383,12.578846526279841
14.285514812209815,14.285514812209815
13.527829818844937,13.414620056891977
13.122365377402328,13.310628218317248
15.894952224644104,15.955576839107604
13.422469451335049,13.463649858856686
14.457364970452321,14.557448378884017
13.26212705890841,13.353848978105145
14.220976332738884,14.042454103182152
17.092655328692295,17.257687267800577
13.815511557963774,13.831000846278481
13.710151153416938,13.703092082968814
13.997832948091213,13.615350019145316
14.151983508870952,14.151642667919253
12.611541086966119,12.833489773208383
13.710151153416938,13.710151153416938
13.017005083966257,12.918783830211515
12.899222326086992,12.880752136133752
14.151983508870952,14.151983508870957
13.217675375388822,13.219247993614545
16.52356082573315,16.61854738216328
13.710151153416938,13.809707503954861
14.285514812209815,14.285514812209822
11.918397239722838,12.148183615257233
13.710151153416938,13.767926301209346
16.648723960844016,16.65798632184325
14.457364970452321,14.741597710669074
13.623139877437294,13.570498727556648
15.520258832020861,15.394359467444488
14.880221639784232,14.741171665082216
13.910821646859095,13.829943742392826
14.946912992035964,14.869993477889773
14.285514812209815,14.150620191066384
14.07787559166224,14.083156972922643
16.906553056777135,16.70392788923907
14.808762701344863,14.806963497339014
15.830413711839864,15.788245016507751
15.894952224644104,15.760065650482314
14.946912992035964,14.764216545561913
14.220976332738884,14.218095369527198
13.815511557963774,13.910821646859088
15.687312888712007,15.687312888712007
13.122365377402328,13.071072188277716
14.285514812209815,14.285514812209815
12.959846800844964,12.988396747977731
13.017005083966257,12.929501582004235
14.914123179965665,14.89438034089678
13.592368256649284,13.57459782834058
14.457364970452321,14.49838598614456
13.217675375388822,13.286037385172948
14.845130332288226,14.87975807537162
17.073607134447293,17.324128081250695
15.40474596716247,15.163437265372963
13.997832948091213,13.954264013263078
14.557448378884017,14.563255785046344
13.910821646859095,13.93011376309131
12.429220196836383,12.419003085835733
15.520258832020861,15.45655270106409
13.384729180332172,13.406457778945285
10.714439990727767,10.20009966174277
14.285514812209815,14.285514812209815
14.731801689838345,14.879589286585627
16.213405921671736,16.24514547731741
13.737550097575062,13.86309020519546
12.691583538230217,12.733099727487463
13.910821646859095,13.910821646859088
11.407576060361784,11.205016442550546
13.217675375388822,12.975225152521002
13.071072188277716,12.851673470275893
13.737550097575062,13.670378431841929
16.835935492889124,16.959874588498142
13.527829818844937,13.575946103466949
13.652992804936394,13.493928313146203
14.346139397261565,14.374692025702183
13.910821646859095,13.863090205195467
14.77102238760702,14.780449010979982
13.422469451335049,13.311552610830788
17.034386422832476,17.257687267800577
16.618870999476865,16.830339240653963
13.592368256649284,13.615440894180995
13.171155446333854,13.3976321883158
13.171155446333854,13.212064349585427
14.845130332288226,14.917636947723754
12.429220196836383,12.408559956904565
14.690979711984758,14.682458542708446
13.737550097575062,13.742257172024818
13.623139877437294,13.422479155328354
13.652992804936394,13.786274336823173
13.122365377402328,12.939038963828965
14.285514812209815,14.285514812209815
17.958645300228827,18.053773686540225
13.527829818844937,13.584941048843557
13.345508528717264,13.286037385172948
12.834683971615663,12.874985236824324
12.524530013005736,12.611541086966112
14.880221639784232,14.74769818008105
15.40474596716247,15.621768666341072
13.910821646859095,13.910821646859107
12.429220196836383,12.476790849581976
13.071072188277716,13.437183607696078
11.608244735642321,11.735213504514084
12.834683971615663,12.676272652143119
14.880221639784232,14.869993477889773
14.285514812209815,14.220976332738884
13.910821646859095,13.875008721992868
12.765691290604368,12.690309713090338
14.403297778421797,14.393756618720039
12.25486757159303,12.25486757159303
14.914123179965665,14.89438034089678
14.914123179965665,14.741171665082216
13.122365377402328,13.096199340049344
13.997832948091213,13.910821646859095
12.206077645517675,12.208270769475135
14.346139397261565,14.330960746358512
13.345508528717264,13.38395242830046
12.834683971615663,12.852420599840054
14.557448378884017,14.516334942742288
14.845130332288226,14.95403160233617
13.345508528717264,13.282883999211668
13.56061959865723,13.643703226291139
15.176487367510099,15.188721996011143
12.691583538230217,12.631507723506946
13.017005083966257,13.196059121412604
12.206077645517675,12.287791168881409
14.457364970452321,14.508658238524097
15.42494867039835,15.665695236820536
16.4545679590081,16.547303279952043
13.171155446333854,13.171155446333854
12.959846800844964,12.971259780667726
13.345508528717264,13.268199232191485
13.304686600863564,13.308613506605344
13.45883704259595,13.594423842566364
14.285514812209815,14.159027668782686
12.899222326086992,12.89897550409897
16.883563539609522,16.52935213235874
10.714439990727767,11.105596730465516
13.122365377402328,13.079002235676764
14.346139397261565,14.341939412823356
13.017005083966257,13.032871781990105
12.834683971615663,12.827001073907919
13.217675375388822,13.182771139212468
14.914123179965665,14.91821821649108
14.285514812209815,14.057034860827812
12.34583893572197,12.295716457255002
13.217675375388822,13.250495296284456
12.765691290604368,12.354181329053455
14.07787559166224,13.997006873627736
14.603968372873894,14.60008639942006
11.608244735642321,11.51293546492023
14.603968372873894,14.6151898521602
10.819798284210286,10.93446540091223
11.849404844423075,11.748560816530828
13.217675375388822,13.212064349585427
13.652992804936394,13.64552386438631
13.422469451335049,13.53229766040045
13.422469451335049,13.407361475457911
14.151983508870952,14.114884131665512
14.285514812209815,14.285514812209815
16.341239282272525,16.363796221596314
13.910821646859095,13.910821646859088
13.997832948091213,13.997006873627736
14.220976332738884,14.28551481220983
14.808762701344863,14.751399831374814
11.608244735642321,11.98293534419643
14.285514812209815,14.305696349720774
13.527829818844937,13.572014262886546
15.096444681204076,14.690517605977176
13.652992804936394,13.612200033336073
14.648420115681892,14.725348419891787
14.346139397261565,14.280691422867314
15.29711532616119,15.454088919500517
15.830413711839864,15.830413711839856
14.07787559166224,14.07787559166224
17.341871111992198,17.606562541473785
14.690979711984758,14.718182577143935
11.98293534419643,12.343422196780772
15.955576839107596,16.116813338056502
13.122365377402328,13.119760496215806
13.652992804936394,13.636400329178986
13.815511557963774,13.815511557963774
13.171155446333854,13.244911330360354
14.731801689838345,14.69913562452955
18.005165315142214,18.053773686540225
14.690979711984758,14.65348201576977
14.07787559166224,14.07787559166226
17.958645300228827,17.672604887980217
13.737550097575062,13.767370270065193
12.301387370778713,12.27901333407213
15.894952224644104,15.924321311332921
11.695255355062798,11.651675244729665
13.56061959865723,13.601789754755316
16.4545679590081,16.334001955812056
13.122365377402328,13.079002235676764
14.557448378884017,14.487998120630172
14.946912992035964,15.100224931041339
14.914123179965665,14.663040953157388
12.25486757159303,12.04262654119802
17.426428497635527,17.57620390892642
12.691583538230217,12.834683971615663
12.206077645517675,12.260897951282354
13.997832948091213,13.954264013263078
13.910821646859095,13.92322085785992
12.959846800844964,12.952254304257494
13.76421831620775,13.64432518832063
12.206077645517675,12.118715258912935
13.384729180332172,13.422479155328354
18.12630969677261,18.193442788032442
13.710151153416938,13.786274336823173
12.611541086966119,12.611541086966119
15.201805169084132,15.20212775741146
14.07787559166224,14.08844020411127
15.42494867039835,15.50286977384745
13.122365377402328,13.26921151238688
13.56061959865723,13.643703226291139
14.557448378884017,14.603418150064462
13.710151153416938,13.542477701043984
14.220976332738884,14.306591883416353
13.592368256649284,13.640450358307746
13.710151153416938,13.786274336823173
13.071072188277716,13.17051205360975
11.608244735642321,11.499716767546113
14.151983508870952,14.212335078890927
12.388398368982118,12.364737511412422
16.0127352464116,16.023534969411877
13.171155446333854,13.286037385172948
14.07787559166224,14.096368520927227
13.527829818844937,13.489537251060511
14.07787559166224,14.07787559166224
12.834683971615663,12.834683971615663
14.508658238524097,14.516334942742288
14.557448378884017,14.56906535904273
13.345508528717264,13.335292138278115
17.19990085520835,17.257687267800577
13.815511557963774,13.910821646859088
11.98293534419643,11.925552268081626
13.592368256649284,13.575946103466949
13.345508528717264,13.286037385172948
13.45883704259595,13.44257590351531
15.761420849876721,15.760065650482314
13.345508528717264,13.465103273595242
12.429220196836383,12.371358333396232
15.250595321348804,15.250595321348797
13.623139877437294,13.667479395527288
13.122365377402328,12.959846800844964
11.51293546492023,11.51293546492023
13.652992804936394,13.88693679609233
13.217675375388822,13.324763795410204
12.25486757159303,12.260897951282354
15.520258832020861,15.20834893745516
13.017005083966257,12.945604129866512
12.611541086966119,12.53899313635135
14.557448378884017,14.557448378884017
11.849404844423075,11.849404844423075
13.304686600863564,13.304686600863564
14.220976332738884,14.174036029609905
13.45883704259595,13.438004293325855
15.176487367510099,15.497054601128855
15.955576839107596,15.95420027964995
14.151983508870952,14.114884131665525
11.407576060361784,11.98293534419643
12.301387370778713,12.096514888794278
13.45883704259595,13.498576569361841
14.731801689838345,14.690517605977176
14.346139397261565,14.220976332738884
13.997832948091213,14.006705550294722
13.304686600863564,13.31488117953098
14.557448378884017,14.457364970452316
12.043559598368038,11.992316607303076
13.910821646859095,14.457364970452316
16.860033043306746,17.050913701275817
13.790193775620486,13.786274336823173
16.0127352464116,16.066802461833927
14.403297778421797,14.47068581135877
12.25486757159303,12.204923603626005
14.220976332738884,14.083156972922643
17.867295523158884,17.609962999224365
13.997832948091213,14.090134064283623
15.520258832020861,15.46872110240594
13.071072188277716,12.877676158282949
13.422469451335049,13.640450358307746
13.071072188277716,13.096199340049344
13.997832948091213,13.93011376309131
12.899222326086992,12.874985236824324
12.301387370778713,12.180406178351674
13.017005083966257,13.171155446333854
14.845130332288226,14.953036303851654
13.071072188277716,13.079002235676764
12.301387370778713,12.4546381685509
15.761420849876721,15.70678128579998
13.171155446333854,13.227541538992705
13.737550097575062,13.425691585911785
16.733281344102608,16.74476734296291
14.457364970452321,14.497853403310177
13.345508528717264,13.48707495113749
16.97251102166758,17.175837472084048
13.997832948091213,14.03957525716541
13.790193775620486,13.74865074904731
13.997832948091213,14.194383673312798
14.151983508870952,14.090134064283623
17.111347461005643,16.951292579166072
13.45883704259595,13.310628218317248
16.213405921671736,16.07346400291962
13.422469451335049,13.578594072425858
13.68198030819624,13.667479395527288
13.422469451335049,13.453636063256207
13.345508528717264,13.31488117953098
14.914123179965665,14.91821821649108
14.285514812209815,14.056101861849193
13.171155446333854,13.065214786136861
14.77102238760702,14.786960631346133
14.151983508870952,14.151983508870938
15.830413711839864,15.83041371183987
13.815511557963774,13.902234109148619
15.894952224644104,15.873411935834202
13.652992804936394,13.760405618196994
15.250595321348804,15.250444832609379
14.151983508870952,14.151983508870938
15.250595321348804,15.266855803372898
17.875953585752068,17.606562541473785
12.429220196836383,12.452984496599482
12.834683971615663,12.817403451387012
14.808762701344863,14.808397812870526
13.623139877437294,13.637582209768796
15.341567078850598,15.343056041903296
15.830413711839864,15.830413711839856
13.071072188277716,13.146739378142644
15.384126684211434,15.433665422852332
14.731801689838345,14.70384426374941
12.834683971615663,12.633580167495976
12.611541086966119,12.690673651036665
13.997832948091213,13.997832948091213
17.327056026646044,17.422017757161584
13.710151153416938,13.767370270065193
14.346139397261565,14.422726674229027
16.97251102166758,17.175837472084048
16.213405921671736,16.37260323225964
13.171155446333854,13.171155446333854
13.997832948091213,13.88693679609233
13.345508528717264,13.304376739386953
12.611541086966119,12.524530013005736
12.765691290604368,12.86611760415114
13.910821646859095,13.935630379522163
14.07787559166224,14.096368520927227
12.899222326086992,12.737853993530743
16.066802461833927,16.10150846472316
13.017005083966257,12.889984161021562
13.623139877437294,13.47857286664683
16.41820031748273,16.547303279952043
14.457364970452321,14.422726674229027
12.899222326086992,12.877676158282949
13.45883704259595,13.38395242830046
13.997832948091213,13.783159546208013
12.691583538230217,12.691583538230217
13.304686600863564,13.325083023609874
13.76421831620775,13.727224653218945
13.45883704259595,13.44257590351531
14.690979711984758,14.828435960940599
14.220976332738884,14.220976332738877
12.834683971615663,12.889984161021562
15.123843647884687,15.143840695557799
16.0127352464116,16.116813338056502
14.285514812209815,14.072119179312171
11.849404844423075,11.849404844423075
14.285514812209815,14.285514812209815
13.815511557963774,13.924175070281114
14.914123179965665,14.764216545561913
14.403297778421797,14.508658238524097
13.304686600863564,13.48707495113749
17.412822845949975,17.283900929739833
14.690979711984758,14.544358834145415
12.429220196836383,12.34583893572197
11.608244735642321,11.153074878996193
15.096444681204076,14.965954627004422
12.611541086966119,12.727219278738453
12.34583893572197,12.419161680268802
13.071072188277716,13.050268545806414
13.710151153416938,13.750138353809861
10.46313191149197,10.830531116398365
12.765691290604368,12.865869077691999
11.51293546492023,11.634437924560546
13.171155446333854,13.096695453001105
13.071072188277716,13.096695453001105
12.834683971615663,12.824806744040064
12.25486757159303,12.28471439607799
13.652992804936394,13.667325158935226
12.834683971615663,12.714925220444837
13.122365377402328,13.171155446333854
14.77102238760702,14.630957548705078
12.524530013005736,12.975225152521002
13.26212705890841,13.298895103856468
12.611541086966119,12.56386594812438
13.171155446333854,13.130979947575353
11.51293546492023,11.550972410477174
13.710151153416938,13.748211599738278
14.97866168026991,14.966533771882826
16.213405921671736,15.778642505391517
13.071072188277716,12.65287750200365
13.384729180332172,13.48707495113749
13.304686600863564,13.286037385172948
13.56061959865723,13.521565739690473
15.607270193858977,15.627244801593129
15.250595321348804,15.266855803372898
13.790193775620486,13.776919881023707
12.154784614286665,12.194064050057424
13.910821646859095,13.894894158888606
15.42494867039835,15.42494867039835
14.403297778421797,14.315100675211024
13.384729180332172,13.44257590351531
17.216707972959764,17.175837472084048
16.6777114960366,16.613265440663476
14.77102238760702,14.806963497339014
17.95067713070663,17.80628496429694
16.5563506464056,16.600000919146748
13.910821646859095,13.910821646859095
14.557448378884017,14.557448378884017
12.524530013005736,12.676272652143119
14.457364970452321,14.457364970452328
14.285514812209815,14.338548194257598
14.07787559166224,14.462796242172058
12.899222326086992,12.883059566937284
13.910821646859095,13.910821646859088
14.946912992035964,14.953036303851654
14.557448378884017,14.70384426374941
13.997832948091213,13.935630379522163
13.592368256649284,13.592368256649284
12.611541086966119,12.578846526279841
13.910821646859095,13.894894158888606
13.652992804936394,13.670378431841929
13.345508528717264,13.353848978105145
15.687312888712007,15.474406920140634
12.524530013005736,12.395193379446376
17.588271519047417,17.707723971470724
14.731801689838345,14.55588694132067
14.285514812209815,14.333995275024462
14.508658238524097,14.520841409952135
12.388398368982118,12.371358333396232
14.285514812209815,14.297620539191419
15.520258832020861,15.20834893745516
13.997832948091213,13.997832948091213
17.804494623047063,18.053773686540225
11.849404844423075,11.849404844423075
13.304686600863564,13.119760496215806
11.849404844423075,11.849404844423075
14.914123179965665,14.966533771882826
14.690979711984758,14.685404989019306
14.151983508870952,14.457364970452321
13.45883704259595,13.472655203038267
15.42494867039835,15.338248948740187
13.122365377402328,13.160028814846374
14.285514812209815,14.285514812209815
13.76421831620775,13.767370270065193
14.880221639784232,14.962926049379222
13.623139877437294,13.503061174638614
13.122365377402328,13.246957276509912
15.363073279446226,15.46872110240594
14.731801689838345,14.64819643138364
12.154784614286665,12.118715258912935
13.26212705890841,13.286037385172948
13.493928313146203,13.570835476848949
13.56061959865723,13.575406943086497
14.457364970452321,14.256797328437392
16.929025911619096,16.90125699660992
14.151983508870952,14.142923874454008
14.285514812209815,14.143125737125859
13.122365377402328,13.1702720183778
11.849404844423075,11.934501626627874
13.997832948091213,13.997832948091213
12.25486757159303,12.194064050057424
12.959846800844964,12.959846800844964
16.16688591036584,16.16688591036583
13.304686600863564,13.298895103856468
14.557448378884017,14.557448378884017
16.118095750958318,16.818403828356782
14.508658238524097,14.386568861687968
12.154784614286665,12.131585804210365
14.97866168026991,14.95403160233617
13.217675375388822,13.219247993614545
12.611541086966119,12.710072989678578
13.304686600863564,13.322099963990883
14.508658238524097,14.570380169630859
16.705882371415992,16.65798632184325
13.910821646859095,13.910821646859107
16.993564429978882,17.160035878219354
13.68198030819624,13.737550097575062
13.997832948091213,13.93011376309131
15.687312888712007,15.621768666341072
12.10071768541247,12.127723315342122
13.493928313146203,13.541374951835781
14.648420115681892,14.648420115681892
13.910821646859095,13.910821646859107
14.457364970452321,14.366002754430419
14.648420115681892,14.60352819307418
12.691583538230217,12.621877249389794
14.648420115681892,14.648420115681892
13.910821646859095,13.976032636602113
13.171155446333854,13.286037385172948
15.894952224644104,16.088927023955478
13.910821646859095,14.077875591662233
11.608244735642321,11.735213504514084
13.171155446333854,13.196059121412604
13.68198030819624,13.63716626821605
13.217675375388822,13.171155446333854
12.959846800844964,13.050268545806414
12.611541086966119,12.670195003179597
13.815511557963774,13.829451189009392
11.775297421715829,11.748560816530828
13.122365377402328,13.008352443641101
14.648420115681892,14.55588694132067
14.346139397261565,14.220976332738884
13.171155446333854,13.437183607696078
14.648420115681892,14.648420115681892
12.34583893572197,12.265255965558465
16.3004172910856,16.231172869036325
14.97866168026991,14.965954627004422
15.150511887854474,15.184920249849
12.691583538230217,12.800144515777129
12.765691290604368,12.690673651036665
13.710151153416938,13.731745100972795
13.071072188277716,13.26921151238688
13.071072188277716,13.134547123874038
13.737550097575062,13.709797845590785
16.3004172910856,15.920515050814565
12.524530013005736,12.524530013005736
14.151983508870952,14.218095369527198
12.301387370778713,12.429220196836383
14.648420115681892,14.603418150064462
16.52356082573315,16.484815498532143
14.285514812209815,14.27627830236723
13.737550097575062,13.731745100972795
10.46313191149197,10.500886842785857
12.834683971615663,12.633580167495976
14.77102238760702,14.771022387607035
13.623139877437294,13.575406943086497
13.592368256649284,13.643703226291139
13.26212705890841,13.422479155328354
12.959846800844964,12.952254304257494
13.997832948091213,14.07787559166226
14.457364970452321,14.474443849033474
13.493928313146203,13.438004293325855
12.765691290604368,12.673559051969178
13.592368256649284,13.592368256649284
16.4545679590081,16.334001955812056
14.220976332738884,14.159633908894317
14.285514812209815,14.285514812209822
13.304686600863564,13.325083023609874
14.220976332738884,14.194383673312798
13.910821646859095,13.927320756051405
11.695255355062798,11.796427250068472
14.403297778421797,14.25321143859139
14.648420115681892,14.60352819307418
12.765691290604368,12.765691290604368
14.151983508870952,14.08711922284791
13.45883704259595,13.566963799388866
13.815511557963774,13.910821646859095
13.623139877437294,13.6490685990851
14.07787559166224,14.077875591662233
14.07787559166224,14.017803684767157
13.623139877437294,13.422479155328354
13.493928313146203,13.438004293325855
12.301387370778713,12.32041988325717
11.775297421715829,11.929231669694225
14.285514812209815,14.28551481220983
14.151983508870952,14.151983508870938
13.304686600863564,13.213016518706098
16.118095750958318,16.088927023955478
13.304686600863564,13.304686600863564
15.096444681204076,15.080600634630546
12.34583893572197,12.631507723506946
11.289794413577896,11.499716767546113
14.151983508870952,14.163042945397464
14.946912992035964,15.161816303863016
13.652992804936394,13.690377761701576
13.68198030819624,13.786906722377541
13.910821646859095,13.833819550903257
13.652992804936394,13.594423842566364
13.422469451335049,13.414620056891977
13.815511557963774,13.910821646859088
13.017005083966257,13.184431300956273
12.524530013005736,12.524530013005736
13.790193775620486,13.601789754755316
14.690979711984758,14.690979711984758
13.623139877437294,13.643703226291139
12.691583538230217,13.045698399137798
15.955576839107596,16.363796221596314
11.918397239722838,11.992316607303076
14.220976332738884,14.220976332738884
13.122365377402328,13.185785035902084
14.557448378884017,14.56906535904273
15.384126684211434,15.184920249849
16.906553056777135,16.86576301144963
14.285514812209815,14.70384426374941
11.15626480664374,11.134122998319503
16.118095750958318,16.16688591036583
11.849404844423075,11.849404844423075
14.285514812209815,14.285514812209815
13.68198030819624,13.623139877437294
14.07787559166224,13.88693679609233
13.592368256649284,13.752467716098174
14.346139397261565,14.330960746358512
13.710151153416938,13.647124103185385
12.691583538230217,12.691583538230223
12.691583538230217,12.690309713090338
12.388398368982118,12.325994913175304
12.154784614286665,12.01122496761853
14.77102238760702,14.826401347263722
12.10071768541247,12.09253693492346
11.51293546492023,11.51293546492023
12.611541086966119,12.728587409737312
15.096444681204076,15.343056041903296
12.959846800844964,12.950908674716716
13.071072188277716,13.096695453001105
17.804494623047063,17.606562541473785
12.524530013005736,12.524530013005736
14.220976332738884,14.487998120630172
11.775297421715829,11.98082756651971
13.815511557963774,13.902234109148619
13.071072188277716,13.594423842566364
17.356469910987094,17.129414816897018
14.220976332738884,14.056101861849193
14.648420115681892,14.60352819307418
12.524530013005736,12.800144515777129
12.524530013005736,12.4926851512138
11.51293546492023,11.51293546492023
15.955576839107596,16.201322338446836
13.422469451335049,13.40481448778145
13.017005083966257,13.071072188277716
14.151983508870952,14.167288171687234
14.808762701344863,14.710489520856397
15.687312888712007,15.66879406716453
12.388398368982118,12.27901333407213
13.997832948091213,13.997006873627736
13.815511557963774,13.80267156532893
14.07787559166224,14.167288171687234
